Topic,Date,Done,Files,Homework
"1. Free time (Month%201/1%20Free%20time%207cd15e0e4a09823e8a9e019eebb7821e.html) ","August 10, 2026",Done,,"1) Write 5 sentences about your free time and how you spend it using https://app.notion.com/p/3b715e0e4a098004861bc3d92f68bbe0?pvs=21. "
"2. Questions (Month%201/2%20Questions%203bf15e0e4a0980f1a0fbf824d17e1b4d.html) ","August 17, 2026",Done,,"  1) English File Workbook 7A Free time + Questions (Month%201/2%20Questions/English%20File%20Workbook%207A%20Free%20time%20+%20Questions%203bf15e0e4a0980f1b191faa5481198f4.html) 
Do exercises and check yourself using the keys! You can send me your answers in Telegram to Vocabulary, ex. b and I will check it 🙂

If you want extra practice on the difference between be and do, check this exercise: https://www.perfect-english-grammar.com/do-does-am-is-are-exercise-1.html"
"2. Questions (Month%201/2%20Questions%203bf15e0e4a0980f1a0fbf824d17e1b4d.html) ","August 24, 2026",Done,,"  1) Online practice
Exercise 1 https://test-english.com/grammar-points/a1/questions/
Exercise 2 https://test-english.com/grammar-points/a1/questions/2/

2) Make 6 questions for me:
3 question with ‘Are you…?’
3 questions with ‘Do you..?’
Be ready to ask me 🙂"
"3. Months, ordinal numbers, saying dates (Month%201/3%20Months,%20ordinal%20numbers,%20saying%20dates%203c215e0e4a09808fbb6bfdf48012538e.html) ","August 31, 2026",Done,,"  1) English File Workbook Practical English 4 (Month%201/3%20Months,%20ordinal%20numbers,%20saying%20dates/English%20File%20Workbook%20Practical%20English%204%203cd15e0e4a09804ab624c612c95e5e61.html) 

  2) Online practice
Exercise 1
https://agendaweb.org/exercises/vocabulary/days-months-seasons/date-day-month-audio.htm
Exercise 2 https://agendaweb.org/exercises/vocabulary/days-months-seasons/date-day-month.htm"
"4. Can/can’t (Month%201/4%20Can%20can%E2%80%99t%203d215e0e4a0980d6b70dfd2ea8af5fae.html) ","September 7, 2026",Not started,,"  1) Online practice
Exercise 1 https://wordwall.net/resource/31021185/can-cant
Exercise 2 https://wordwall.net/resource/10562722/can-cant
Exercise 3 https://wordwall.net/resource/9667528/can

2) English File 8A GRAMMAR (Month%201/4%20Can%20can%E2%80%99t/English%20File%208A%20GRAMMAR%203d215e0e4a098057881dc808521a73b3.html) "